Technicien Support Client Telecom,Recruit Me Limited,"Cote d’Or, Moka","Jul 15, 2024","Rs 25,001 - Rs 50,000"
It Project Manager,R-MAD LTD,"Pereybere, Rivière du Rempart","Aug 27, 2024",Negotiable
Full Stack Python Developer,Premio Consultancy Ltd,"Vacoas, Plaines Wilhems","Aug 12, 2024","Rs 75,001 - Rs 100,000"
Technicien Support Informatique & Réseaux,Ipedis,"Quatre-bornes, Plaines Wilhems","Aug 2, 2024",Not disclosed
Data Website Officer,ABZ Global Solutions Ltd,"Grand Baie, Rivière du Rempart","Jul 26, 2024",Negotiable
Rédacteur/Asurance Qualité,Ipedis,"Quatre-bornes, Plaines Wilhems","Jul 25, 2024",Not disclosed
Commercial En Appel D'Offres (Tenders),CELESTE TELECOM MAURITIUS,"Hermitage Côte d'Or, Plaines Wilhems","Jul 18, 2024",Not disclosed
Technicien Support Client (H/F),CELESTE TELECOM MAURITIUS,"Côte d'Or, Hermitage","Jul 18, 2024",Not disclosed
Commercial Et Relation Client (B To C),CELESTE TELECOM MAURITIUS,"Hermitage Côte d'Or, Moka","Jul 18, 2024",Not disclosed
Développeur Web,Recruit Me Limited,Quatre Bornes,"Jul 10, 2024","Rs 50,001 - Rs 75,000"
Online Survey Reviewer,Connextia Limited,"Vacoas, Plaines Wilhems","Jul 9, 2024","Rs 12,501 - Rs 25,000"
Developer Java ( Work From Home),Channel Bluestone,"Terre Rouge, Pamplemousses","Jul 2, 2024",Negotiable
Developer Java ( Work From Home),Channel Bluestone,"Terre Rouge, Pamplemousses","Jul 2, 2024",Negotiable
